ID,Y,X
78,0.338959387,36.88351382
79,0.336637222,36.88532548
80,0.334001281,36.87965839
81,0.336029786,36.88263665
82,0.3382613,36.88141147
83,0.333081954,36.87607555
84,0.331780748,36.8784079
85,0.335265398,36.87743794
86,0.328865689,36.88043782
87,0.333323437,36.87336635
