name,Y,X
82,0.3382613,36.88141147
