name,Y,X,subfile,soilfile
78,0.338959387,36.88351382,SUBS1.SUB,18019173771VRe.SOL
79,0.336637222,36.88532548,SUBS2.SUB,18019173771VRe.SOL
