name,Y,X,subfile,soilfile
82,0.3382613,36.88141147,SUBS1.SUB,18019173771100VRe.SOL
82,0.3382613,36.88141147,SUBS2.SUB,18019173771100VRe.SOL